,SPRADDR_ZIP_PR
96822,256
96816,242
96789,216
96826,204
96817,203
96818,195
96744,192
96797,185
96706,184
96825,172
96819,172
96707,162
96701,156
96815,153
96782,150
96813,137
96734,131
96814,128
96821,123
96792,115
96786,107
96740,96
96720,95
96793,93
96753,83
96732,80
96766,68
96761,68
96799,62
96795,61
96717,58
96746,57
96768,55
96790,55
96828,55
96749,54
96743,51
96950,51
96708,50
96712,50
96791,49
96762,44
96731,44
96741,42
96823,42
96750,41
90503,40
96738,40
95758,40
96727,40
96921,39
96778,38
95831,38
96839,38
96820,37
96752,36
96796,36
94066,35
96754,35
96763,35
96756,34
96830,34
96748,33
96716,33
96733,32
96755,32
94080,31
94513,31
95051,29
90274,29
92886,29
91709,29
92592,29
96721,29
90501,29
95757,29
96730,28
96929,28
96705,28
96771,27
90504,27
96779,27
90278,27
95123,26
90630,26
96760,26
90505,26
96765,26
95124,26
93003,25
94501,25
96725,25
95762,25
94404,25
96704,25
94536,25
96745,25
94112,25
92620,24
96913,24
94087,24
93030,24
94582,24
90703,24
93117,24
91710,24
94010,24
92626,24
90275,24
92563,23
92656,23
92692,23
94523,23
98029,23
96783,23
92679,23
96772,23
94583,23
92694,22
96824,22
94116,22
92064,22
95014,22
95630,22
92131,22
94110,22
92649,22
94551,22
92677,22
92688,22
95035,22
96788,21
94568,21
95765,21
94403,21
94121,21
91902,21
95120,21
95037,21
94002,21
94588,20
98042,20
93012,20
95476,20
94530,20
90277,20
90745,20
92130,20
92126,20
94061,20
90808,20
92870,19
92646,19
93063,19
91789,19
98040,19
98110,19
93311,19
95023,19
94015,19
91711,19
94044,19
94941,19
91701,19
92127,19
92648,19
92508,19
96848,19
95008,19
96960,19
93551,19
94546,18
95688,18
95125,18
94610,18
80439,18
93035,18
92057,18
98607,18
92630,18
96931,18
91730,18
94558,18
92109,18
91016,18
95060,18
91350,18
94303,18
96781,18
94025,18
98026,18
90247,17
94040,17
96714,17
96785,17
91360,17
95126,17
96722,17
95219,17
95132,17
94065,17
93036,17
96932,17
94030,17
91321,17
94534,17
94539,17
98034,17
94401,17
92647,17
91306,17
95020,17
93940,17
94507,17
90710,17
95616,17
91344,16
89123,16
92506,16
90604,16
96915,16
95624,16
94930,16
99516,16
92879,16
95746,16
93065,16
94531,16
98006,16
95003,16
92203,16
91910,16
94559,16
95066,16
97501,16
94577,16
90266,16
92562,16
94122,16
92869,16
93536,16
90405,16
92833,16
92804,16
94549,16
98166,16
94611,16
94803,16
90815,15
98109,15
98144,15
95062,15
91030,15
80241,15
91325,15
91915,15
94553,15
94526,15
92673,15
98011,15
92008,15
80516,15
91367,15
95818,15
94925,15
92234,15
93105,15
92129,15
94550,15
90631,15
94565,15
98008,15
92503,15
92154,15
94510,15
95404,15
94619,15
94954,15
92629,15
94134,15
96837,14
90732,14
95376,14
96737,14
91107,14
80123,14
91362,14
94591,14
95148,14
91773,14
97007,14
94598,14
98059,14
96940,14
95377,14
94502,14
95209,14
93021,14
92107,14
91977,14
94947,14
93004,14
92591,14
91913,14
94563,14
92024,14
95206,14
94024,14
91387,14
92054,14
98258,14
94560,14
95076,13
91354,13
98072,13
90007,13
95030,13
92104,13
91006,13
92705,13
92009,13
96804,13
98312,13
94903,13
92887,13
91384,13
92307,13
91361,13
92627,13
92111,13
94556,13
91351,13
92504,13
94552,13
80220,13
98038,13
95128,13
92831,13
91024,13
91754,13
91331,13
94062,13
96757,13
90803,13
80016,13
98391,13
95111,13
92672,13
96713,13
96729,13
91745,13
92336,13
97702,13
98118,13
90066,13
94117,13
94901,13
90403,13
96703,13
91765,13
94505,13
90250,13
92708,13
92821,12
92880,12
95687,12
95661,12
92612,12
95683,12
96719,12
93033,12
91301,12
98092,12
91702,12
93950,12
98027,12
92780,12
92120,12
94544,12
90706,12
99301,12
92835,12
97304,12
97034,12
99577,12
96776,12
95032,12
98683,12
98003,12
92691,12
83709,12
92028,12
91208,12
91343,12
92128,12
92584,12
91304,12
95492,12
92021,12
95628,12
94517,12
94506,12
93015,12
95050,12
87544,12
98199,12
92651,12
92660,12
91326,12
90026,12
80503,12
80228,12
94566,12
92604,12
85718,12
96777,12
90650,12
99504,12
93720,12
97062,12
98052,12
11377,12
94115,11
91302,11
85003,11
94706,11
90245,11
93010,11
90807,11
99709,11
92078,11
90603,11
95033,11
98023,11
95448,11
95127,11
76034,11
90404,11
80015,11
98335,11
85331,11
90623,11
94960,11
90019,11
93101,11
92029,11
94564,11
90638,11
75019,11
98107,11
96319,11
94542,11
92657,11
98105,11
98133,11
60091,11
85233,11
94518,11
96836,11
95409,11
94533,11
91436,11
90042,11
96784,11
91320,11
94561,11
91214,11
92881,11
98075,11
91316,11
48104,11
98290,11
92596,11
94587,11
80602,11
91007,11
96326,11
20876,11
92056,11
98037,11
90232,11
80127,11
91741,11
94043,11
95136,11
98155,11
92040,10
84121,10
80027,10
96161,10
94521,10
95121,10
60047,10
89131,10
91786,10
80920,10
91406,10
92683,10
95401,10
92101,10
96728,10
94114,10
85286,10
92065,10
95747,10
92069,10
96002,10
98022,10
96739,10
43068,10
92555,10
98230,10
92374,10
92117,10
98208,10
94131,10
92808,10
98502,10
91784,10
95242,10
97031,10
98103,10
97405,10
96710,10
92027,10
94118,10
90720,10
89511,10
20003,10
92114,10
97068,10
92139,10
92075,10
14850,10
98501,10
94086,10
18018,10
98074,10
95618,10
89052,10
90004,10
20171,10
97701,10
94949,10
20148,10
94541,10
95608,10
89117,10
91355,10
96941,10
95823,10
96764,10
83706,10
91748,10
91108,10
85048,10
95070,10
92037,10
96150,10
90230,10
96802,10
98406,9
99603,9
80908,9
98513,9
92867,9
91345,9
89509,9
07960,9
89014,9
91761,9
94547,9
90744,9
98115,9
95340,9
92407,9
96709,9
84003,9
48103,9
91311,9
93312,9
80918,9
95361,9
92110,9
90280,9
90064,9
70000,9
91737,9
91911,9
98223,9
95835,9
98275,9
91766,9
92223,9
99502,9
92832,9
92346,9
96853,9
80909,9
99712,9
92860,9
90045,9
98012,9
80011,9
92118,9
80108,9
94525,9
80132,9
93906,9
90065,9
96773,9
23693,9
98043,9
98327,9
89141,9
80304,9
84095,9
12401,9
95682,9
99515,9
90210,9
92701,9
20886,9
85308,9
92505,9
90660,9
42071,9
83646,9
90028,9
97224,9
90041,9
80126,9
91942,9
91324,9
94070,9
92392,9
85730,9
98516,9
97302,9
90806,9
98370,9
80134,9
98225,9
85226,9
92011,9
92663,9
95135,9
92026,9
94014,9
92603,9
98021,9
89147,9
98125,9
93907,9
92122,9
90810,8
94124,8
22079,8
96367,8
92025,8
92614,8
92058,8
98387,8
90242,8
85747,8
92840,8
96718,8
95677,8
08742,8
96910,8
89129,8
90254,8
20895,8
92373,8
98685,8
90746,8
92260,8
98837,8
92119,8
99507,8
46530,8
98272,8
96863,8
95678,8
98277,8
96857,8
96759,8
95133,8
33331,8
93111,8
90680,8
98338,8
98311,8
92084,8
93110,8
91390,8
97401,8
80113,8
85383,8
89134,8
96715,8
61704,8
80003,8
91423,8
87111,8
92115,8
92606,8
96379,8
91791,8
72034,8
93933,8
91723,8
95742,8
01752,8
94596,8
78660,8
79936,8
90717,8
98626,8
80401,8
98296,8
37027,8
94402,8
80109,8
28540,8
80631,8
93401,8
84092,8
80526,8
98466,8
92653,8
92007,8
94306,8
78665,8
98270,8
92324,8
80138,8
98056,8
83616,8
97005,8
98221,8
90260,8
80231,8
92618,8
08732,8
87508,8
663,8
92807,8
96338,8
98119,8
90701,8
98058,8
75205,8
02446,8
80524,8
98512,8
97223,8
92782,8
80911,8
80302,8
98908,8
98077,7
94103,7
89115,7
98366,7
00725,7
08824,7
65473,7
93420,7
92557,7
10000,7
91307,7
99338,7
82009,7
98019,7
93445,7
93611,7
22182,7
10024,7
93274,7
14051,7
98122,7
13603,7
92105,7
98801,7
90022,7
80013,7
99654,7
91206,7
80504,7
84098,7
92211,7
97089,7
90265,7
98033,7
93277,7
55448,7
90272,7
33712,7
91501,7
93314,7
98121,7
92000,7
20902,7
95064,7
94703,7
91204,7
84117,7
98498,7
97211,7
85648,7
90713,7
92509,7
93001,7
27332,7
80020,7
90731,7
80465,7
11435,7
95129,7
93455,7
97006,7
92545,7
92805,7
91105,7
97008,7
84108,7
22046,7
97504,7
94509,7
91342,7
92106,7
89503,7
89012,7
84124,7
78253,7
94952,7
93291,7
90034,7
92861,7
97527,7
84604,7
98126,7
91104,7
87122,7
93955,7
90640,7
93422,7
97232,7
96726,7
92014,7
98036,7
156,7
30043,7
97213,7
38401,7
91356,7
98292,7
91335,7
95304,7
99559,7
99669,7
89113,7
91941,7
94133,7
91901,7
99801,7
85248,7
96970,7
91767,7
02360,7
94708,7
84102,7
95864,7
96860,7
99685,7
95337,7
80525,7
96928,7
97330,7
23454,7
77573,7
700000,7
90601,7
77379,7
80501,7
91364,7
28117,7
20910,7
99901,7
28314,7
93245,7
98445,7
87401,7
90032,7
92624,7
43017,7
91001,7
11101,7
85032,7
92845,7
78109,7
93908,7
08036,7
90293,7
06033,7
83716,7
91601,7
92103,7
93109,7
99114,7
01830,7
98665,7
91739,7
98053,7
59718,7
80863,7
13148,7
80002,6
85298,6
21037,6
01921,6
30307,6
90025,6
92675,6
98229,6
98020,6
98346,6
26501,6
98662,6
46032,6
80831,6
22015,6
60591,6
99019,6
95307,6
92102,6
27513,6
85018,6
92116,6
85340,6
91792,6
98632,6
32225,6
37604,6
92020,6
06511,6
02048,6
95838,6
32835,6
90039,6
98332,6
84020,6
66502,6
92038,6
B0P1E0,6
60640,6
95472,6
86001,6
90802,6
98146,6
92408,6
94545,6
96942,6
33760,6
98239,6
90620,6
20191,6
78758,6
95928,6
80227,6
92352,6
78249,6
07020,6
97229,6
60660,6
85284,6
98273,6
30134,6
95045,6
02138,6
80130,6
92882,6
66044,6
84128,6
85283,6
94127,6
95993,6
92883,6
80917,6
02368,6
94019,6
94520,6
13624,6
98117,6
80403,6
79401,6
95959,6
43220,6
94022,6
93066,6
77494,6
93619,6
76522,6
85282,6
55386,6
60030,6
29670,6
23185,6
83703,6
92399,6
95650,6
99501,6
84105,6
75035,6
82601,6
35216,6
96349,6
14075,6
06468,6
95441,6
98178,6
63104,6
80004,6
85207,6
98446,6
98604,6
93041,6
97470,6
46077,6
80128,6
99762,6
84109,6
99615,6
98024,6
42728,6
95212,6
92083,6
85234,6
80107,6
80017,6
89032,6
06795,6
75024,6
98682,6
93923,6
20878,6
98005,6
92595,6
02180,6
83686,6
97502,6
97876,6
99337,6
80919,6
91722,6
98168,6
08054,6
53711,6
90740,6
97140,6
80229,6
95046,6
96751,6
80232,6
85255,6
80129,6
59801,6
94965,6
62249,6
15501,6
84118,6
23072,6
83815,6
60073,6
84103,6
72712,6
55421,6
91352,6
91801,6
19462,6
60634,6
93306,6
90805,6
99217,6
76021,6
97201,6
90401,6
47403,6
43215,6
97058,6
95403,6
94945,6
85295,6
90049,6
85024,6
85020,6
23059,6
49323,6
904,6
81507,6
96944,6
98004,6
98329,6
12833,6
95134,6
08226,6
28405,6
32128,6
86004,6
48025,6
97080,6
32129,6
47885,6
97404,6
33067,6
92570,6
85260,6
95501,6
94595,6
98177,6
08071,6
91403,6
22032,6
88061,6
85201,6
14842,6
80023,6
95603,6
98274,6
95116,6
11221,6
94920,6
60148,6
98102,6
97227,6
95370,6
33462,6
80305,6
06416,6
98367,6
77382,6
92071,6
85225,6
95366,6
85390,6
94602,6
38231,6
48204,6
343,6
01746,5
91506,5
95503,5
97045,5
87043,5
90291,5
62269,5
85259,5
54703,5
89074,5
85051,5
98360,5
48840,5
96780,5
60657,5
77565,5
95695,5
93501,5
80202,5
10350,5
90602,5
10962,5
23860,5
91040,5
89146,5
93444,5
80249,5
87105,5
201315,5
28054,5
99692,5
57701,5
93449,5
76201,5
20147,5
80021,5
94606,5
32205,5
95816,5
97219,5
4033,5
32765,5
60174,5
12866,5
97132,5
93313,5
30135,5
44026,5
60559,5
80030,5
98315,5
80026,5
95667,5
58103,5
11211,5
81403,5
30024,5
435000,5
08826,5
78460,5
97035,5
76133,5
81601,5
33042,5
94555,5
92359,5
90249,5
87114,5
75070,5
B3K 3R3,5
60048,5
00964,5
57718,5
85254,5
80528,5
91762,5
95829,5
89410,5
97123,5
57103,5
23220,5
98363,5
78258,5
41042,5
92411,5
32607,5
95670,5
92707,5
60045,5
98257,5
80906,5
98671,5
81301,5
34772,5
98404,5
91750,5
90804,5
95658,5
92173,5
98333,5
83001,5
53705,5
48911,5
75082,5
48094,5
45255,5
81620,5
99752,5
07078,5
93427,5
23225,5
97124,5
94027,5
95073,5
99203,5
91744,5
97210,5
97078,5
78414,5
57108,5
93458,5
97212,5
87507,5
430074,5
40175,5
30605,5
89149,5
02052,5
92530,5
01568,5
69162,5
80538,5
231,5
95405,5
77096,5
53545,5
92123,5
93465,5
85045,5
93215,5
98663,5
80019,5
94608,5
95815,5
90304,5
95648,5
96747,5
73135,5
29209,5
27243,5
99523,5
29673,5
99344,5
94609,5
16365,5
21227,5
80521,5
85249,5
89139,5
12603,5
98584,5
44142,5
12075,5
37725,5
90047,5
22207,5
01701,5
07028,5
99004,5
98201,5
90020,5
H3Y1P4,5
94089,5
93552,5
95330,5
19063,5
22901,5
110,5
55414,5
94590,5
97703,5
98407,5
77423,5
24219,5
16505,5
89128,5
49228,5
693010,5
90241,5
20723,5
59601,5
302,5
92201,5
20008,5
95138,5
80923,5
95348,5
92501,5
99802,5
02879,5
36551,5
85704,5
30127,5
07853,5
80207,5
90402,5
46060,5
112,5
73003,5
40351,5
91932,5
33183,5
02081,5
80005,5
70122,5
100029,5
08882,5
85268,5
80124,5
27614,5
91011,5
20906,5
98503,5
32304,5
91607,5
28584,5
18017,5
98284,5
80234,5
20770,5
92823,5
94618,5
11215,5
96770,5
80550,5
30188,5
94301,5
465116,5
34952,5
81435,5
99201,5
45365,5
95521,5
95420,5
87499,5
84765,5
97024,5
99518,5
08880,5
83714,5
94601,5
20827,5
80634,5
85258,5
75034,5
57025,5
39047,5
21136,5
89519,5
30290,5
30342,5
21218,5
96952,5
89148,5
01520,5
08201,5
99208,5
21210,5
75156,5
13332,5
85210,5
23112,5
89156,5
80513,5
96774,5
80301,5
96044,5
084,5
06109,5
26003,5
92270,5
22308,5
93446,5
97306,5
89178,5
60655,5
31406,5
57262,5
90813,5
85007,5
19460,5
98101,5
97236,5
94132,5
33160,5
59715,5
21234,5
97217,5
93550,5
87120,5
91103,5
95210,5
77083,5
60201,5
03458,5
210031,5
80237,5
91604,5
88101,5
97267,5
95382,5
90036,5
32833,5
60615,5
95055,5
02134,5
03224,5
77340,5
90077,5
19382,5
95841,5
50312,5
95122,5
84310,5
93060,5
84107,5
84606,5
91790,5
97914,5
20814,5
47725,5
80122,5
83301,5
05452,5
83702,5
59804,5
97023,4
85746,4
11001,4
77504,4
94063,4
96789 2659,4
106,4
83713,4
30501,4
23452,4
T8B 0A2,4
37180,4
48146,4
18944,4
02356,4
72065,4
90029,4
07670,4
83704,4
90715,4
16354,4
46064,4
20841,4
08010,4
45314,4
43212,4
475000,4
91504,4
98106,4
11213,4
90220,4
99354,4
33327,4
59840,4
98010,4
21244,4
33411,4
48193,4
80487,4
97402,4
99362,4
55317,4
53913,4
49428,4
93257,4
11746,4
97415,4
97209,4
93023,4
49341,4
77007,4
170,4
12020,4
66442,4
20879,4
28315,4
08203,4
02169,4
53207,4
78154,4
81621,4
99224,4
06460,4
91505,4
95536,4
60046,4
80922,4
12144,4
37069,4
10922,4
93308,4
95837,4
31904,4
99328,4
89081,4
06880,4
91706,4
97060,4
T3G1L5,4
154,4
53066,4
85745,4
95822,4
32712,4
46254,4
54016,4
80829,4
81224,4
97128,4
70130,4
24073,4
95602,4
59101,4
22031,4
55016,4
84106,4
96912,4
33146,4
86042,4
29485,4
10583,4
98362,4
95519,4
80236,4
98136,4
21104,4
73142,4
98264,4
90290,4
85083,4
62152,4
07626,4
80433,4
L3S 3W5,4
v3b 6s5,4
98592,4
440,4
92585,4
333,4
92310,4
95693,4
66048,4
48439,4
85395,4
83864,4
77566,4
10548,4
31315,4
80007,4
29689,4
00802,4
06441,4
55104,4
85023,4
09839,4
 M1V 2Y2,4
57033,4
95118,4
92081,4
73505,4
11937,4
29063,4
79762,4
95326,4
21014,4
99016,4
80224,4
85142,4
68123,4
93305,4
95010,4
704,4
91207,4
45247,4
80515,4
98028,4
23608,4
94612,4
30022,4
92706,4
94957,4
96818 2745,4
13619,4
60585,4
38804,4
77450,4
98392,4
95213,4
99567,4
60441,4
21793,4
46033,4
43001,4
33437,4
98848,4
81323,4
98383,4
97431,4
94538,4
15237,4
10013,4
L3C0A5,4
311400,4
85013,4
78751,4
95691,4
20705,4
85215,4
10027,4
550001,4
V3J 7J5,4
96266,4
30045,4
90038,4
96744 ,4
85392,4
90502,4
20905,4
86336,4
80111,4
V7S 1A9,4
84,4
96744 2429,4
80222,4
95355,4
67002,4
73072,4
93436,4
96306,4
144 0052,4
80303,4
11373,4
99508,4
93108,4
90059,4
95341,4
90621,4
06612,4
35756,4
06066,4
60540,4
98236,4
33064,4
32828,4
87108,4
92844,4
98031,4
45644,4
96805,4
62650,4
98606,4
65770,4
14425,4
92236,4
77043,4
98340,4
98433,4
19147,4
S045 6JW,4
93268,4
75022,4
92308,4
93514,4
N6P 1G4,4
94939,4
L5M 4J3,4
8000,4
77546,4
80000,4
16046,4
80121,4
91724,4
48202,4
93535,4
34947,4
80534,4
99206,4
55744,4
80246,4
96003,4
95407,4
98260,4
96943,4
02148,4
22101,4
22000,4
97230,4
11790,4
98087,4
60137,4
30340,4
19968,4
91205,4
94951,4
20007,4
06604,4
11570,4
43460,4
96097,4
32935,4
53129,4
93635,4
92082,4
98640,4
91775,4
95843,4
91803,4
95692,4
34004,4
91733,4
90005,4
100000,4
99223,4
93901,4
14221,4
59405,4
99353,4
60423,4
97015,4
99708,4
92843,4
42303,4
91770,4
10034,4
07726,4
53704,4
95673,4
33155,4
15044,4
75001,4
33703,4
64119,4
80215,4
95117,4
10996,4
95425,4
49506,4
L4J 5L3,4
L8H 6Z5,4
98675,4
91780,4
20755,4
94579,4
95391,4
21035,4
12477,4
85213,4
94904,4
32259,4
49424,4
98188,4
94005,4
84058,4
83854,4
09468,4
98374,4
71104,4
92405,4
94129,4
93405,4
07052,4
53130,4
49686,4
90044,4
11724,4
60637,4
06611,4
49735,4
42223,4
11366,4
60511,4
80226,4
94928,4
77433,4
98198,4
93103,4
19119,4
K2M2B7,4
60060,4
84403,4
70563,4
88119,4
19020,4
89130,4
92661,4
89138,4
83402,4
92704,4
43110,4
20187,4
94572,4
78255,4
30809,4
80120,4
60087,4
92067,4
98337,4
92802,4
10522,4
54301,4
38016,4
106 0046,4
98001,4
28270,4
96386,4
24118,4
20175,4
49418,4
30319,4
90016,4
94508,4
99611,4
60077,4
78148,4
37075,4
654,4
V3G 3E7,4
98372,4
T1A8V3,4
94707,4
89183,4
91945,4
90712,4
92404,4
64113,4
28697,4
95207,4
967203282,4
02631,4
95112,4
93631,4
44124,4
28104,4
95632,4
20016,4
554,4
84062,4
80924,4
80921,4
98520,4
79413,4
85205,4
11572,4
27205,4
55912,4
434300,4
85737,4
85296,4
58504,4
29466,4
93454,4
19437,4
96707 ,4
36330,4
59802,4
85224,4
85143,4
19004,4
59923,4
33023,4
22066,4
45640,4
11733,4
982 0021,3
55372,3
63303,3
80206,3
94519,3
38343,3
17837,3
17104,3
84047,3
49085,3
K1S4G7,3
53029,3
46307,3
60625,3
85716,3
234,3
02825,3
97448,3
80645,3
12816,3
90040,3
14127,3
99705,3
6580022,3
90262,3
95926,3
34950,3
99216,3
99723,3
74146,3
06359,3
79912,3
43515,3
82072,3
73103,3
06413,3
36582,3
95827,3
133,3
23221,3
92395,3
90303,3
55077,3
77381,3
92651  ,3
03820,3
15825,3
82901,3
54625,3
90292,3
19702,3
11714,3
30100,3
56379,3
L3B 1A2,3
11767,3
437 768,3
90302,3
35226,3
80012,3
145 0072,3
93730,3
33444,3
528000,3
85008,3
95036,3
92113,3
78412,3
202001,3
97305,3
20602,3
55987,3
91401,3
294 0015,3
130,3
154 0022,3
60565,3
45243,3
80218,3
11706,3
38002,3
78666,3
02113,3
28805,3
1352,3
30214,3
48823,3
04609,3
V3X 3NS,3
92377,3
251,3
94296,3
83825,3
43713,3
10016,3
50300,3
11510,3
55347,3
11758,3
32224,3
23227,3
01952,3
90043,3
00000,3
18976,3
97055,3
97321,3
11135,3
94805,3
510620,3
L0A 1K0,3
38703,3
98826,3
63301,3
11209,3
92544,3
11803,3
21204,3
61932,3
98007,3
91303,3
12590,3
10011,3
99218,3
38104,3
48848,3
28779,3
92010,3
22911,3
29483,3
95820,3
27527,3
84060,3
46037,3
61118,3
77320,3
60464,3
96080,3
49770,3
16601,3
07719,3
18037,3
22193,3
84040,3
57501,3
95672,3
74902,3
02673,3
32065,3
75080,3
90211,3
48072,3
91747,3
87109,3
43062,3
98563,3
26513,3
99702,3
SM6 0SB,3
01970,3
12310,3
80530,3
85120,3
82718,3
90003,3
78251,3
01451,3
19066,3
89449,3
V9W 7H1,3
60014,3
11747,3
99707,3
510100,3
92124,3
60189,3
32766,3
22401,3
07090,3
86323,3
100012,3
100089,3
16989,3
24543,3
87110,3
21224,3
92610,3
07040,3
80817,3
20866,3
214 0023,3
55107,3
89436,3
38570,3
11366 1728,3
58701,3
66223,3
23435,3
60560,3
S4L 0A9,3
06600,3
87505,3
45215,3
598 0073,3
53185,3
1441753613,3
72076,3
01420,3
31906,3
89002,3
44600,3
276,3
92253,3
20170,3
07095,3
607 8077,3
07921,3
60555,3
100084,3
95826,3
08090,3
11780,3
61554,3
46176,3
75146,3
98039,3
07003,3
17601,3
216,3
59865,3
102206,3
55441,3
21146,3
85710,3
92617,3
95054,3
34994,3
14770,3
55126,3
40203,3
60630,3
95623,3
78108,3
77469,3
75087,3
55407,3
04353,3
91405,3
510700,3
80112,3
06423,3
33175,3
33445,3
83201,3
07079,3
80498,3
21377,3
90606,3
1760003,3
01915,3
75287,3
79915,3
97216,3
73012,3
15701,3
21769,3
91017,3
48446,3
91708,3
07047,3
90248,3
71360,3
76006,3
22309,3
95626,3
98467,3
91755,3
85257,3
29662,3
48316,3
02210,3
95205,3
13530,3
84335,3
32603,3
96351,3
43537,3
85212,3
99109,3
93013,3
138908,3
21078,3
211900,3
97333,3
16918,3
78114,3
84041,3
100044,3
89166,3
76248,3
08033,3
321100,3
28031,3
V3G 0A1,3
100007,3
05287,3
167 63,3
61614,3
84015,3
87301,3
90814,3
12077,3
V3N 4RI,3
32043,3
32503,3
55117,3
01844,3
09263,3
12681,3
27705,3
92301,3
46140,3
33916,3
83002,3
95473,3
93534,3
790000,3
99703,3
85042,3
157 0073,3
20109,3
92003,3
00977,3
98408,3
89015,3
83712,3
75961,3
63043,3
98418,3
02019,3
95610,3
93555,3
804,3
34471,3
22630,3
22932,3
46122,3
95065,3
58104,3
74563,3
94607,3
19003,3
94018,3
83440,3
NE28 8UH,3
97833,3
53051,3
561,3
98664,3
16066,3
214100,3
48105,3
38225,3
89144,3
95363,3
78209,3
73036,3
155,3
66012,3
98443,3
33408,3
06422,3
98204,3
95620,3
510655,3
97203,3
93094,3
48183,3
1000869,3
47401,3
4221,3
95973,3
311200,3
80239,3
98422,3
11236,3
01566,3
81503,3
85650,3
93702,3
27514,3
92586,3
91042,3
83843,3
2480,3
137 951,3
19610,3
2482,3
50321,3
30097,3
55082,3
644000,3
55040,3
11782,3
8120882,3
94107,3
97477,3
37221,3
11229,3
48607,3
45039,3
252,3
99156,3
93432,3
54902,3
45000,3
07506,3
33569,3
SK11 8DA,3
33418,3
85004,3
337000,3
92019,3
85140,3
96859,3
32569,3
11795,3
26508,3
17036,3
06323,3
30603,3
98271,3
56258,3
73013,3
55433,3
07755,3
37912,3
18036,3
99645,3
33328,3
33434,3
80435,3
04280,3
95819,3
93662,3
95663,3
1814NX,3
27701,3
V2Y 1B5,3
80424,3
33428,3
02026,3
1221,3
98248,3
65270,3
30004,3
07307,3
23455,3
82609,3
01757,3
100081,3
27610,3
33414,3
28645,3
93433,3
08015,3
48135,3
55106,3
98684,3
84120,3
59 241,3
27170,3
94503,3
80233,3
33596,3
37098,3
58102,3
53073,3
98282,3
91746,3
95018,3
54418,3
06074,3
66208,3
46038,3
22181,3
22716,3
96767,3
92376,3
70808,3
21054,3
08786,3
75159,3
97850,3
94041,3
19425,3
05649,3
3122,3
95130,3
08873,3
19002,3
10964,3
85040,3
93230,3
63105,3
91914,3
16101,3
V1M 2W7,3
33324,3
84660,3
60451,3
02460,3
510300,3
91377,3
53132,3
4010,3
135,3
90008,3
105,3
91768,3
98030,3
518040,3
5013247,3
19139,3
97459,3
84123,3
97239,3
99517,3
53177,3
16125,3
35022,3
91606,3
39567,3
3340051,3
08831,3
90015,3
K2K3P1,3
98375,3
8100052,3
11956,3
98247,3
08037,3
33157,3
20817,3
84014,3
89143,3
78250,3
55409,3
55113,3
94305,3
32256,3
10681,3
15370,3
0781,3
92868,3
48334,3
96813 2324,3
10708,3
59714,3
53033,3
13090,3
738,3
57069,3
21211,3
11217,3
59044,3
23507,3
97756,3
93637,3
24250,3
81212,3
88012,3
95833,3
96799/4232,3
79407,3
02891,3
92841,3
10919,3
95336,3
22554,3
95258,3
75006,3
19106,3
93924,3
95320,3
83642,3
43214,3
N4B 2W4,3
04343,3
21043,3
10312,3
23430,3
97368,3
95204,3
07030,3
57702,3
97520,3
1560043,3
V2A 8S8,3
38019,3
80018,3
L9T 6L9,3
63129,3
59808,3
93932,3
95201,3
09627,3
27517,3
80454,3
97218,3
78738,3
95726,3
87501,3
92315,3
20616,3
21113,3
01201,3
85396,3
60043,3
28307,3
30506,3
28411,3
5900153,3
93727,3
650 0024,3
90035,3
07751,3
21617,3
M4Y 3G4,3
48176,3
92589,3
88007,3
06640,3
92801,3
85364,3
L6P 2X2,3
95323,3
92121,3
20832,3
68516,3
92335,3
89011,3
00 201,3
89506,3
3361684785,3
60123,3
1060032,3
55303,3
94085,3
98577,3
11238,3
212,3
96789 4430,3
44233,3
11963,3
14085,3
22903,3
28306,3
77070,3
30075,3
101500,3
110021,3
76120,3
85304,3
04096,3
1780,3
60513,3
27171,3
211,3
56353,3
28303,3
20180,3
97215,3
43224,3
20784,3
200433,3
91740,3
85711,3
75772,3
85016,3
21076,3
81612,3
20158,3
38138,3
60090,3
90605,3
21042,3
45434,3
90704,3
29212,3
99505,3
98112,3
99037,3
99835,3
55901,3
60505,3
00180,3
97913,3
59255,3
11552,3
33449,3
85641,3
96088,3
17737,3
95221,3
98361,3
78759,3
75077,3
99005,3
02186,3
97420,3
V0R1G0,3
77084,3
14226,3
23462,3
00969,3
48071,3
822,3
22974,3
95467,2
093,2
11103,2
08736,2
85274,2
89118,2
83341,2
13027,2
M3J 3K9,2
33025,2
40205,2
29544,2
04090,2
T2V1Z8,2
98405,2
614,2
72150,2
85281,2
K1M 0E5,2
30905,2
99336,2
04385,2
81147,2
02027,2
99710,2
58270,2
V4N6M7,2
27511,2
33029,2
456204,2
07750,2
7430011,2
84009,2
05491,2
55419,2
34221,2
99326,2
361008,2
04105003,2
81505,2
98942,2
430070,2
53158,2
04736,2
70812,2
50259,2
15115,2
22701,2
32810,2
11378,2
79934,2
34654,2
432 8023,2
94038,2
330013,2
2010300,2
11940,2
85739,2
20872,2
11096,2
23320,2
97301,2
15205,2
31119,2
22039,2
77586,2
05003,2
56288,2
63119,2
412,2
17331,2
30062,2
98323,2
89158,2
68512,2
60053,2
74075,2
96021,2
91978,2
20189,2
98148,2
30643,2
1201,2
06896,2
292,2
331725,2
55337,2
17257,2
3040,2
33477,2
78234,2
07039,2
22973,2
100803,2
221116,2
17363,2
95659,2
60177,2
02720,2
201620,2
45431,2
97317,2
95965,2
14432,2
93510,2
98203,2
02888,2
4030,2
96821 2404,2
96818 ,2
98055,2
10538,2
02780,2
2100,2
85302,2
38663,2
45433,2
95436,2
92345,2
91201,2
20871,2
95301,2
97070,2
53168,2
78734,2
10462,2
60188,2
90255,2
37043,2
92243,2
48302,2
11158,2
T0M 1J0,2
80422,2
4052,2
1580081,2
673,2
967822113,2
59602,2
64735,2
92320,2
960,2
53575,2
T541C5,2
23229,2
93566,2
23832,2
16293,2
543 0013,2
36832,2
56001,2
22736,2
84094,2
43130,2
78681,2
98771,2
92354,2
17602,2
12000,2
122041,2
81401,2
94105,2
57020,2
32779,2
P3E 2H5,2
96056,2
07675,2
95220,2
20745,2
98840,2
29607,2
96707 1501,2
53714,2
235000,2
97101,2
48820,2
246,2
92262,2
95240,2
64133,2
96114,2
89523,2
01610,2
20854,2
5900946,2
111003,2
96158,2
75021,2
33458,2
80205,2
M4T 1N9,2
17225,2
70529,2
13045,2
47800,2
95451,2
174,2
32937,2
06443,2
46259,2
56569,2
48310,2
13156,2
32547,2
80442,2
77041,2
78247,2
61920,2
22947,2
83422,2
98661,2
08720,2
32789,2
94705,2
40121,2
22963,2
43512,2
570311,2
430,2
99574,2
89450,2
97371,2
19082,2
98424,2
32303,2
94977,2
11743,2
85307,2
12901,2
034000,2
193,2
1481833511,2
29229,2
83835,2
29928,2
43040,2
60645,2
88240,2
152,2
33779,2
38671,2
18104,2
28088,2
8707,2
53103,2
97133,2
92108,2
78731,2
04268,2
510610,2
59860,2
49120,2
02657,2
415000,2
57104,2
118000,2
78212,2
59937,2
89135,2
441024,2
90068,2
55057,2
80010,2
901815,2
050800,2
32084,2
94589,2
10801,2
77075,2
18444,2
14210,2
94603,2
14822,2
V8B 2T4,2
29450,2
651,2
97086,2
80031,2
98557,2
60135,2
60133,2
21791,2
33616,2
98321,2
98351,2
402260,2
04002,2
23324,2
89107,2
90046,2
992,2
77479,2
24018,2
125 0061,2
22043,2
40831,2
66085,2
60076,2
135 090,2
79904,2
96854,2
85044,2
L9K 1K6,2
55125,2
90062,2
20748,2
23513,2
99689,2
1260,2
37411,2
518067,2
96782 ,2
60025,2
751021,2
200092,2
8071306,2
94109,2
91353,2
75071,2
05775,2
48238,2
78705,2
18062,2
40464,2
M4E1E6,2
999078,2
11787,2
96830090,2
72061,2
97424,2
29801,2
M2N7A8,2
07446,2
78640,2
07922,2
11077,2
02482,2
04633,2
07764,2
08012,2
19606,2
60639,2
78373,2
15824,2
97381,2
80540,2
95119,2
93309,2
06037,2
l6j7n6,2
35406,2
51555,2
53219,2
94931,2
510140,2
82414,2
2550,2
35761,2
54701,2
03079,2
99701,2
4128,2
78056,2
23875,2
95842,2
40403,2
80455,2
95380,2
34120,2
23502,2
45895,2
08098,2
06331,2
53147,2
20882,2
54901,2
67114,2
V2T4Z1,2
37040,2
20176,2
06776,2
44509,2
30058,2
27455,2
78015,2
02842,2
10023,2
97526,2
01740,2
95531,2
5630051,2
25140,2
430077,2
S6H,2
05301,2
35803,2
89005,2
32608,2
01129,2
610100,2
L3R0C4,2
39759,2
63385,2
95215,2
977,2
104,2
37187,2
56134,2
23156,2
97801,2
598474,2
02067,2
08867,2
06340,2
37209,2
60015,2
60022,2
94806,2
23834,2
33334,2
98368,2
1608,2
55416,2
10552,2
4680051,2
18505,2
85031,2
03049,2
10026,2
59102,2
90018,2
63130,2
12885,2
02809,2
66215,2
10230,2
8706,2
63368,2
194,2
92178,2
425781,2
80211,2
95834,2
80640,2
29526,2
44053,2
268819,2
73151,2
84115,2
58401,2
37001,2
33572,2
45245,2
97446,2
31545,2
20155,2
0630,2
33021,2
36695,2
45424,2
96019,2
42803 2155,2
53037,2
50309,2
98070,2
51024,2
17922,2
28532,2
62028,2
18929,2
811,2
89027,2
201103,2
67410,2
18612,2
32746,2
89705,2
84129,2
29223,2
14618,2
98506,2
89423,2
488,2
4650022,2
32219,2
V6S 1N7,2
91381,2
87123,2
12209,2
77840,2
4371,2
162,2
80687,2
114,2
33433,2
350 108,2
88330,2
32821,2
064,2
93546,2
01887,2
32544,2
02129,2
83687,2
50014,2
224001,2
14208,2
32905,2
95825,2
44844,2
01742,2
37377,2
K9V 6E1,2
6922AC,2
55981,2
4042,2
47353,2
78572,2
80137,2
21108,2
79701,2
97601,2
19055,2
77571,2
23111,2
97220,2
03842,2
05960,2
75780,2
60089,2
32097,2
01151,2
29609,2
95379,2
62806,2
36535,2
98241,2
93430,2
464,2
37064,2
55025,2
77478,2
618,2
13202,2
11145,2
98249,2
30125,2
3152,2
116,2
11719,2
49426,2
07018,2
225 0013,2
07011,2
06279,2
48170,2
32413,2
09751,2
54208,2
969115,2
96789 2839,2
55423,2
87417,2
78558,2
3051,2
29486,2
22312,2
97225,2
53520,2
V6X 4C1,2
20603,2
46228,2
06093,2
95202,2
35405,2
6430,2
77025,2
49423,2
03824,2
6015,2
93618,2
02131,2
14616,2
01085,2
94578,2
33173,2
42017,2
81501,2
93905,2
01532,2
V9A 4H5,2
192,2
52101,2
43055,2
49720,2
37923,2
V8N 2P3,2
60021,2
28262,2
11581,2
97630,2
44906,2
34479,2
01930,2
3072,2
11419,2
97814,2
33759,2
70037,2
55038,2
80251,2
93636,2
28075,2
11530,2
25401,2
98226,2
97443,2
20815,2
J0L 1T0,2
78254,2
96769,2
21045,2
13903,2
85301,2
91602,2
11507,2
98926,2
95951,2
53031,2
44106,2
80212,2
32405,2
95461,2
84037,2
70817,2
11671,2
92091,2
49301,2
34953,2
K7H 3C5,2
02748,2
2099,2
84043,2
99775,2
78244,2
48837,2
33619,2
33967,2
29456,2
518131,2
02170,2
96790 7265,2
98532,2
33919,2
54482,2
91776,2
79424,2
94605,2
84070,2
100016,2
79922,2
08904,2
264,2
3155,2
59833,2
528400,2
360000,2
75252,2
95821,2
48304,2
900,2
33785,2
61201,2
395,2
97056,2
20132,2
07851,2
27713,2
45377,2
06939,2
80452,2
31015280,2
2700114,2
810008,2
53074,2
96162,2
78218,2
29410,2
78130,2
60126,2
30082,2
85017,2
46545,2
73110,2
44060,2
17050,2
96101,2
57064,2
40214,2
82834,2
89434,2
74820,2
95367,2
66202,2
18421,2
02478,2
81631,2
904 2215,2
20720,2
18078,2
14120,2
475505,2
02190,2
76544,2
95354,2
22793277,2
83340,2
10521,2
334,2
78729,2
31015310,2
97540,2
98065,2
831011,2
02467,2
00736,2
86301,2
211 0065,2
11756,2
73533,2
04101,2
200123,2
78628,2
97038,2
46544,2
1208,2
83501,2
96734 4133,2
28277,2
33177,2
08505,2
3994112,2
11545,2
16262,2
60616,2
91935,2
39402,2
31808,2
85705,2
6360131,2
041099,2
77099,2
23831,2
31324,2
96839 1944,2
9130,2
96520,2
59106,2
55306,2
32003,2
96377,2
08648,2
03007,2
93258,2
21903,2
9020062,2
48817,2
187853832,2
76549,2
08052,2
07924,2
154 0024,2
78613,2
N0M 1P9,2
23456,2
42310,2
02840,2
85344,2
45504,2
37042,2
81506,2
22192,2
78232,2
95824,2
02021,2
33176,2
30101,2
97403,2
98922,2
74182,2
06360,2
32159,2
20112,2
60656,2
08536,2
32715,2
10500,2
60130,2
98252,2
V6B 0N7,2
60618,2
132 838,2
03303,2
967442429,2
L6J 7W2,2
46373,2
65525,2
M1P 5B6,2
57105,2
21401,2
23692,2
45320,2
9020807,2
08002,2
11000,2
95075,2
86406,2
V5B 1H3,2
99664,2
570125,2
98465 ,2
77098,2
75032,2
030032,2
437,2
74538,2
94941 2245,2
98589,2
98390,2
430064,2
84780,2
130012,2
37211,2
11372,2
65807,2
SE15 2SB,2
91605,2
200041,2
92625,2
439832,2
15003,2
98278,2
46007,2
52761,2
98674,2
02420,2
2125,2
68157,2
902,2
77053,2
36000,2
28757,2
20650,2
11218,2
28734,2
83672,2
07646,2
1810013,2
76542,2
98902,2
14843,2
95828,2
98951,2
02553,2
32601,2
98950,2
024000,2
21120,2
64068,2
7188984799,2
97471,2
10200,2
92284,2
76028,2
10003,2
94580,2
01832,2
5620032,2
2130002,2
08540,2
34990,2
82520,2
71901,2
34212,2
24333,2
97753,2
09009,2
38047,2
55406,2
95776,2
81504,2
78215,2
79403,2
01401,2
43326,2
60463,2
32266,2
08848,2
28328 2710,2
81102,2
V5T2A2,2
68832,2
80209,2
16148,2
87106,2
17543,2
93421,2
75025,2
06019,2
27516,2
11030080,2
19320,2
46385,2
19312,2
74074,2
4154,2
78213,2
48114,2
33410,2
21783,2
17821,2
85353,2
49643,2
87107,2
89510,2
734,2
75052,2
49505,2
21614,2
95370 ,2
46250,2
23665,2
791,2
90110,2
48127,2
60641,2
1720,2
109147,2
60440,2
95614,2
23321,2
08023,2
138200,2
33602,2
06339,2
06824,2
96350,2
98116,2
11235,2
96812,2
46774,2
85085,2
76063,2
96160,2
M6K 1R2,2
63141,2
33611,2
29216,2
28401,2
52001,2
97487,2
070,2
49221,2
73034,2
48382,2
54294,2
143005,2
48079,2
32579,2
30813,2
359 1118,2
10683,2
137 937,2
29745,2
48219,2
07462,2
93140,2
80117,2
430051,2
77068,2
02864,2
95327,2
18353,2
94702,2
98531,2
98045,2
98585,2
94704,2
75093,2
08094,2
15217,2
22152,2
11205,2
437760,2
99352,2
N1T 1T9,2
171,2
51778,2
1800013,2
24072,2
V8P 5L1,2
70115,2
80470,2
49480000,2
60143,2
07407,2
78222,2
8140133,2
L4L 1A7,2
81648,2
07757,2
96218,2
83330,2
53562,2
1612,2
97883,2
37865,2
732 0065,2
49036,2
V5B1H3,2
05701,2
85053,2
84332,2
87420,2
27921,2
83638,2
76705,2
79567,2
90723,2
75002,2
78593,2
00001,2
81151,2
60004,2
78745,2
33184,2
07928,2
80118,2
95061,2
167,2
94130,2
430023,2
10974,2
21032,2
51246,2
10019,2
175 0091,2
79119,2
04071,2
1784,2
51503,2
56187,2
01535,2
96792 0835,2
V5N1P4,2
11739,2
29464,2
85202,2
28428,2
19134,2
85365,2
55109,2
30066,2
11110,2
97206,2
170155,2
79908,2
76039,2
V6P 1N1,2
66441,2
1400,2
98903,2
85750,2
197 0804,2
91752,2
23703,2
44011,2
36207,2
21152,2
324400,2
10250,2
3120,2
89411,2
03801,2
78124,2
33309,2
23047,2
8900031,2
200030,2
15834,2
68128,2
15108,2
96373,2
89179,2
30906,2
03044,2
32901,2
32447,2
27597,2
4130,2
30263,2
93463,2
44111,2
33184 2558,2
325000,2
95982,2
34209,2
75013,2
60652,2
30033,2
M1K 1Z4,2
98568,2
00851,2
23322,2
0040882,2
98233,2
54000,2
34119,2
96321,2
J7V9R1,2
95811,2
407,2
05478,2
6204,2
55127,2
77562,2
60706,2
07821,2
78245,2
44102,2
266000,2
84404,2
96801,2
70570,2
15116,2
71106,2
20772,2
77035,2
3145,2
54636,2
85708,2
4179,2
3189,2
13850,2
55408,2
85037,2
115114,2
92334,2
19938,2
78261,2
133000,2
89106,2
97524,2
33068,2
689,2
98373,2
2480036,2
90743,2
48323,2
30144,2
28394,2
02806,2
300,2
30341,2
38139,2
242300,2
19701,2
2000,2
95139,2
1950053,2
50216,2
13029,2
89085,2
96001,2
65203,2
94535,2
79930,2
270,2
3500,2
02861,2
03857,2
80620,2
75068,2
83660,2
02050,2
19104,2
10549,2
37745,2
94613,2
95604,2
215 0021,2
49503,2
235100,2
157,2
26505,2
36116,2
77377,2
01945,2
13645,2
m2h1h7,2
31410,2
77089,2
78260,2
99803,2
01938,2
32824,2
16436,2
04152,2
37311,2
92220,1
02648,1
1700,1
02649,1
20860,1
55357,1
48118,1
60610,1
96146,1
10033,1
14622,1
97739,1
20912,1
75089,1
28390,1
85743,1
V6N2X4,1
21403,1
33020,1
20689,1
59872,1
98718,1
19140,1
V3T 5V2,1
66043,1
49302,1
85324,1
33026,1
96744 2776,1
10913,1
77346,1
39503,1
02149,1
14546,1
05575,1
22551,1
6340007,1
84770,1
67572,1
55350,1
40511,1
33317,1
10012,1
09128,1
2400111,1
09250,1
98862,1
11729,1
06477,1
81201,1
18332,1
10536,1
D72361,1
96094,1
98521,1
122655,1
1440052,1
03038,1
78586,1
98901,1
46614,1
1025,1
61115,1
78704,1
68620,1
22712,1
78735,1
56401,1
06524,1
30294,1
11030,1
33172,1
14217,1
92532,1
V8V2W9,1
34983,1
93022,1
32404,1
56003,1
07753,1
92344,1
27302,1
10170,1
454 0847,1
32952,1
01886,1
02126,1
09034,1
082,1
32714,1
93831,1
15216,1
78240,1
97114,1
07016,1
55805,1
V0R 2W2,1
95713,1
27612,1
01810,1
87571,1
12159,1
76179,1
50265,1
00960,1
83669,1
76712,1
85741,1
940,1
37204,1
48732,1
11933,1
97107,1
95444,1
29461,1
761,1
57793,1
59047,1
07901,1
23434,1
3127,1
081,1
44890,1
57732,1
46158,1
78503,1
46243,1
182 0025,1
33049,1
71105,1
54880,1
74133,1
16301,1
34237,1
93460,1
205 0001,1
8051,1
30141,1
55455,1
92256,1
64157,1
521 0202,1
T2N 4E2,1
444 0840,1
75149,1
19083,1
83043,1
14256,1
95236,1
11423,1
63390,1
0612,1
20111,1
134 0085,1
60172,1
42985,1
124,1
643684,1
75062,1
6580073,1
57106,1
18940,1
08731,1
130022,1
48430,1
2550004,1
T6H 5X4,1
80219,1
85748,1
93591,1
543 0037,1
81082,1
63124,1
07981,1
03811,1
87104,1
68118,1
82001,1
V5P 4W1,1
96816 2209,1
90294,1
22202,1
185 0032,1
15235,1
15056,1
10116,1
62056,1
98227,1
20623,1
30909,1
10028,1
15623,1
201104,1
95621,1
99032,1
M6a 2l6,1
62656,1
96803,1
7000,1
11779,1
67701,1
07419,1
97496,1
80643,1
22830,1
54929,1
04103,1
301 758,1
447 721,1
55604,1
191,1
93722,1
70722,1
V9X1C8,1
95709,1
30548,1
601,1
44511,1
V8Z 2P2,1
101199,1
06092,1
83605,1
215,1
83661,1
60008,1
80514,1
92587,1
95949,1
77006,1
01077,1
37803,1
92251,1
37218,1
12545,1
93614,1
98932,1
07305,1
BN8 4AY,1
96810,1
97103,1
76036,1
89433,1
60608,1
96950 8900,1
10065,1
91781,1
4102,1
38058,1
5240,1
16509,1
45309,1
741020,1
60465,1
92662,1
84601,1
066 0065,1
10990,1
79927,1
VICTORIA 3,1
158 072,1
04,1
98597,1
43452,1
05409,1
67401,1
50112,1
78233,1
85323,1
710038,1
07836,1
4031,1
98528,1
177 0045,1
89701,1
21163,1
95338,1
25425,1
150,1
11757,1
83320,1
87004,1
213000,1
95942,1
62691,1
84065,1
330,1
M4E1E3,1
33556,1
04102,1
88034,1
60609,1
55364,1
79041,1
75088,1
02035,1
60643,1
95756,1
11763,1
02188,1
61571,1
55420,1
11704,1
R3X 1Z7,1
89815,1
94011,1
631,1
M4L 3T8,1
95969,1
98342,1
85303,1
62025,1
06117,1
903,1
970,1
00778,1
93221,1
08861,1
97478,1
39531,1
86326,1
08361,1
56567,1
95903,1
92814,1
9810301,1
385 0056,1
10030,1
01027,1
11364,1
08533,1
30350,1
63112,1
96549,1
510600,1
3100,1
1510072,1
567776,1
193 0942,1
56301,1
05457,1
19144,1
46218,1
50609,1
77318,1
273,1
80014,1
53951,1
20152,1
76273,1
7315114,1
55391,1
650,1
46628,1
43126,1
02568,1
49376,1
2490007,1
01431,1
02458,1
55454,1
72401,1
640 8483,1
92583,1
11219,1
83127,1
11417,1
63122,1
97221,1
75028,1
60153,1
99824,1
95848,1
78737,1
68116,1
98250,1
85122,1
95350,1
DF 70875,1
01803,1
T6J 059,1
45248,1
59719,1
8196733781,1
18657,1
55418,1
338,1
2740815,1
46321,1
1940212,1
07087,1
30224,1
V1X1K6,1
81230,1
2077,1
11357,1
11766,1
55024,1
890,1
06790,1
87144,1
1229,1
966797,1
52722,1
266600 053,1
08056,1
50327,1
13421,1
121,1
03366,1
11367,1
23234,1
27101,1
76135,1
87112,1
90031,1
145 0064,1
69610,1
19132,1
489 0988,1
08053,1
95694,1
60134,1
150076,1
68069,1
94108,1
96037,1
98325,1
22089,1
96858,1
96701 2611,1
95356,1
92655,1
94037,1
50613,1
59803,1
54235,1
44405,1
08889,1
14430,1
02136,1
48180,1
94102,1
06801,1
27408,1
248 0035,1
153,1
73765,1
21090,1
08558,1
619,1
56201,1
10405,1
319,1
75225,1
94801,1
70128,1
43613,1
45223,1
95830,1
80910,1
50036,1
130021,1
63123,1
L6E0C8,1
48306,1
44618,1
962,1
77357,1
57625,1
12130,1
87124,1
28403,1
33908,1
53221,1
96791 9726,1
78626,1
85028,1
50324,1
78746,1
94516,1
03719,1
13039,1
19123,1
98063,1
92264,1
16823,1
13280,1
62959,1
98444,1
99688,1
53091,1
04027,1
01749,1
49091,1
12772,1
07017,1
96310,1
137907,1
01721,1
97868,1
43016,1
903 0811,1
30331,1
70814,1
83530,1
93560,1
1830001,1
01570,1
62448,1
60118,1
19146,1
68105,1
27525,1
60010,1
33928,1
06482,1
518038,1
89120,1
177 0053,1
2240041,1
80216,1
55012,1
05753,1
83328,1
22508,1
L7A 1G5,1
08562,1
48040,1
82070,1
17847,1
55410,1
53223,1
10463,1
20740,1
80466,1
40443,1
81211,1
32117,1
44140,1
01880,1
29053,1
06288,1
75074,1
08527,1
55128,1
98648,1
92378,1
21784,1
580 0021,1
62034,1
08755,1
59105,1
33138,1
30035,1
72223,1
30269 1066,1
80543,1
34205,1
05262,1
08108,1
22299,1
64732,1
273 0864,1
55425,1
30728,1
75234,1
85204,1
30559,1
80136,1
12553,1
23236,1
98934,1
82636,1
90755,1
07979,1
41018,1
89451,1
91106,1
34038,1
90006,1
93539,1
97338,1
33511,1
68025,1
47802,1
15228,1
17013,1
78413,1
19143,1
99925,1
441,1
43021,1
80421,1
78228,1
07422,1
HT 6124,1
30635,1
615 0925,1
10025,1
85712,1
57078,1
T2M 2E3,1
96816 1110,1
55721,1
30013,1
69101,1
33040,1
23604,1
32228,1
09726121,1
55443,1
351 0035,1
60187,1
70448,1
61530,1
2469,1
42101,1
60477,1
44114,1
94028,1
32804,1
11040,1
58078,1
51041,1
82,1
07470,1
11732,1
77345,1
47170,1
55060,1
95988,1
43402,1
23323,1
99027,1
32566,1
07628,1
11216,1
38920,1
98465,1
610000,1
1050,1
15090,1
74464,1
10573,1
34236,1
07627,1
32837,1
85373,1
468495,1
56535,1
78256,1
02767,1
3214,1
21921,1
89031,1
135 858,1
2652,1
04401,1
11201,1
56308,1
02072,1
96140,1
67101,1
V3E 1C1,1
98613,1
17402,1
244,1
01750,1
23503,1
400 833,1
60651,1
32257,1
95019,1
36870,1
901 0342,1
85381,1
01845,1
43725,1
34997,1
100082,1
19547,1
91202,1
04843,1
344,1
98002,1
59404,1
54650,1
05454,1
10029,1
90012,1
33065,1
50703,1
59701,1
734000,1
4280,1
15024,1
44460,1
66102,1
T3E 3G5,1
56531,1
23836,1
04107,1
83552,1
241 0033,1
100078,1
78230,1
75219,1
662 0025,1
81632,1
518000,1
29152,1
48047,1
01542,1
33487,1
57110,1
250002 053,1
32968,1
02171,1
97838,1
96792 ,1
76008,1
010010,1
468,1
22733,1
78023,1
17921,1
33756,1
02857,1
2760034,1
44070,1
66062,1
98328,1
33174,1
158 728,1
18303,1
97106,1
305,1
09464,1
30040,1
14032,1
30327,1
07005,1
18902,1
0084,1
852,1
48128,1
91126,1
07430,1
03894,1
 2077,1
33436,1
912 0147,1
27603,1
96821 1708,1
80022,1
04357,1
16699,1
93000,1
90024,1
04073,1
26 026,1
55449,1
34452,1
27262,1
75069,1
36532,1
09063,1
17732,1
53551,1
77355,1
55345,1
138,1
9011203,1
15238,1
KS013,1
30080,1
433,1
84101,1
2040,1
99623,1
98359,1
34465,1
96708 ,1
77380,1
14103,1
70124,1
78204,1
19090,1
76548,1
85022,1
34211,1
32643,1
137,1
3520,1
21046,1
53204,1
32818,1
55118,1
61401,1
3560028,1
443,1
47711,1
79836,1
06605,1
33165,1
92543,1
19129,1
50579,1
34442,1
J0L 1B0,1
83858,1
50677,1
53090,1
96778 1556,1
77091,1
49103,1
33027,1
19127,1
93307,1
11710,1
85297,1
29301,1
32819,1
47203,1
78221,1
v7w1n9,1
N3R 7S7,1
13905,1
411 840,1
902 0071,1
90716,1
98645,1
78521,1
60012,1
0610,1
78753,1
252 0303,1
83861,1
28445,1
28742,1
95558,1
48423,1
Waianae,1
6060954,1
06825,1
03057,1
34190,1
34684,1
2196,1
562 0032,1
92567,1
59564,1
24641,1
07712,1
60181,1
33909,1
96811,1
44446,1
98310,1
98730,1
33755,1
95470,1
91340,1
93922,1
46143,1
90037,1
57018,1
14000,1
33149,1
01826,1
85335,1
K1V9H7,1
10014,1
71038,1
1307,1
95655,1
68132,1
07711,1
5018,1
44077,1
29418,1
57368,1
96204,1
55110,1
90222,1
19038,1
335,1
84414,1
48070,1
891 0133,1
86033,1
55803,1
02635,1
81521,1
36907,1
23352,1
90027 3207,1
02155,1
85253,1
H4R2T4,1
43567,1
80601,1
20852,1
VIC  3121,1
10576,1
91101,1
07002,1
140,1
53703,1
85086,1
02882,1
19808,1
95351,1
89103,1
321 923,1
182,1
55051,1
02176,1
02808,1
55947,1
368,1
02364,1
09142,1
60190,1
52349,1
97535,1
49403,1
75072,1
13812,1
98388,1
43210,1
V8A 1G7,1
33033,1
99212,1
47871,1
85305,1
98108,1
35640,1
30047,1
98629,1
01902,1
19122,1
28893660,1
44130,1
11976,1
274,1
04011,1
05267,1
18914,1
22472,1
80223,1
60011,1
94964,1
389 1313,1
07458,1
91402,1
1020084,1
19350,1
68022,1
3190316,1
941154484,1
VIC 3796,1
01020,1
02118,1
NRW 48145,1
54829,1
90305,1
7350022,1
60005,1
65189,1
53188,1
11214,1
6660136,1
54481,1
S2V 1B8,1
0000,1
06348,1
95814,1
59729,1
00674,1
79932,1
85251,1
06601,1
97138,1
53094,1
86403,1
52062,1
33957,1
7080825,1
162 0803,1
20169,1
08534,1
37415,1
19440,1
78633,1
70597,1
30121,1
55436,1
95140,1
121 0823,1
3341677651,1
60106,1
19136,1
85755,1
29303,1
77429,1
02871,1
97322,1
12580,1
 96813,1
85306,1
49417,1
44022,1
14450,1
06351,1
48066,1
616 790,1
05065,1
00926,1
06798,1
N8S325,1
67433,1
90620 ,1
33584,1
KS012,1
38618,1
99573,1
22529,1
02860,1
11652,1
14072,1
49310,1
19551,1
12065,1
44090,1
87532,1
88310,1
9730,1
54230,1
86314,1
96027,1
79423,1
94924,1
98354,1
142 823,1
85310,1
76205,1
93442,1
2460035,1
81007,1
90402 2033,1
1230,1
48152,1
68130,1
23009,1
95946,1
659,1
02347,1
22303,1
76137,1
91411,1
11105,1
07932,1
96793 2075,1
89521,1
03062,1
S4H2T8,1
84400,1
94200,1
611 0031,1
30720,1
09630,1
80799,1
70815,1
USB1H3,1
70454,1
34743,1
37129,1
46074,1
97027,1
1850014,1
066000,1
98000,1
32967,1
95524,1
53511,1
45220,1
89512,1
23602,1
99657,1
85338,1
194 0045,1
74604,1
44313,1
S7K 3W8,1
97115,1
06447,1
48060,1
06001,1
01923,1
72753,1
98660,1
108,1
55124,1
40764,1
63103,1
20037,1
s7v0h8,1
60534,1
85041,1
09603,1
55428,1
N6H5L2,1
07463,1
9800985,1
76011,1
98499,1
33629,1
96744 4579,1
120832,1
92507,1
48044,1
9012214,1
06424,1
11554,1
21683,1
T2J 4W6,1
64116,1
77356,1
3591143,1
6638004,1
01237,1
48098,1
22204,1
76310,1
07607,1
55103,1
93190,1
8081,1
31525,1
97525,1
70506,1
8004,1
07213,1
81637,1
28472,1
01590,1
14126,1
07630,1
4360012,1
12123,1
06514,1
V5G4H1,1
23606,1
59501,1
71111,1
92866,1
51401,1
819,1
56598,1
61525,1
503 838,1
23508,1
11355,1
37212,1
201200,1
19040,1
09173,1
79504,1
93543,1
54956,1
07450,1
96205,1
92637,1
50622,1
63118,1
540737,1
92277,1
25190,1
08611,1
55378,1
01030,1
984 0831,1
2324GS,1
58668,1
96819 3624,1
76226,1
75121,1
08844,1
11968,1
12095,1
93292,1
02379,1
07059,1
50480,1
06095,1
57301,1
38118,1
874,1
48035,1
37643,1
88355,1
410006,1
14830,1
84725,1
61604,1
85132,1
11978,1
74012,1
77578,1
344103,1
83856,1
78163,1
90201,1
65536,1
92337,1
98686,1
75043,1
19125,1
151,1
80135,1
64034,1
55343,1
99506,1
61265,1
77414,1
100020,1
79336,1
64093,1
46701,1
96923,1
13811,1
10301,1
22453,1
81379,1
17077,1
08205,1
56007,1
73026,1
30030,1
690,1
30680,1
33326,1
46571,1
92210,1
19468,1
1550032,1
98713,1
96826 5143,1
07112,1
07645,1
40220,1
2990245,1
08234,1
2360042,1
55108,1
23219,1
40977,1
63020,1
83333,1
77024,1
J3H 0C5,1
1210,1
8500,1
04042,1
46240,1
52322,1
58075,1
21955,1
55362,1
10920,1
75150,1
01754,1
07081,1
95945,1
99026,1
95110,1
11362,1
43612,1
12309,1
05602,1
10128,1
63366,1
733 0031,1
102628,1
42501,1
54151,1
61853,1
33034,1
51442,1
72023,1
49456,1
64131,1
77019,1
30228,1
77087,1
11225,1
48198,1
350,1
17872,1
58201,1
04074,1
L3R 0C4,1
13559,1
02540,1
07512,1
07304,1
23453,1
30281,1
25555,1
12508,1
75206,1
85266,1
01450,1
CH 3700,1
240 0116,1
S0C1R0,1
48317,1
01534,1
51302,1
55746,1
95237,1
19010,1
46360,1
29630,1
40901,1
27358,1
683,1
08007,1
54136,1
05679,1
L9Y 3W4,1
76501,1
300162,1
11965,1
80238,1
235,1
1060046,1
14512,1
57770,1
28557,1
49230,1
TEHRAN,1
07974,1
83211,1
98261,1
22301,1
11230,1
30152,1
96807,1
22102,1
99678,1
01510,1
17025,1
52241,1
71067,1
11725,1
01867,1
10160,1
57030,1
22042,1
94970,1
08360,1
10928,1
32208,1
19406,1
60467,1
13639,1
22939,1
31192,1
57317,1
70056,1
11375,1
445,1
29150,1
89801,1
97385,1
41110,1
57719,1
32548,1
93212,1
81413,1
4900,1
65202,1
26802,1
02453,1
153853,1
N 1450,1
M1E 4L2,1
07083,1
49717,1
4540835,1
36109,1
78504,1
34219,1
98244,1
44047,1
6110014,1
46615,1
99686,1
64067,1
135271,1
75212,1
57717,1
830 0063,1
12240,1
83607,1
81520,1
87506,1
SW18 3NW,1
97813,1
630 0234,1
03275,1
07050,1
68526,1
98856,1
89750,1
37013,1
22624,1
55304,1
85621,1
T4T1W3,1
32083,1
04971,1
04093,1
83404,1
49012,1
430071,1
94597,1
18102,1
2105,1
49837,1
98322,1
3116,1
08525,1
33186,1
95321,1
370 0852,1
96816 4526,1
3234,1
05647,1
04129,1
95662,1
60068,1
33612,1
10309,1
1080075,1
11788,1
97002,1
97064,1
2595DK,1
85358,1
58503,1
81432,1
70503,1
41470,1
201800,1
04473,1
06217,1
100039,1
1810002,1
9012201,1
04204,1
58227,1
29572,1
19057,1
70748,1
92553,1
60487,1
452010,1
21125,1
30096,1
94574,1
92582,1
98008 5817,1
528313,1
143 0016,1
06614,1
44116,1
67235,1
9000,1
11768,1
10469,1
85742,1
20099,1
96143,1
14534,1
44907,1
60954,1
3540036,1
16927,1
20732,1
43219,1
467 873,1
98541,1
86005,1
20001,1
76086,1
17065,1
96825 ,1
55070,1
M1B 2K3,1
53818,1
48550,1
96744 5915,1
63011,1
33813,1
VIC 3040,1
30313,1
97408,1
10239,1
18603,1
05404,1
6338004,1
152 0003,1
77449,1
98841,1
29617,1
44870034,1
4120042,1
11204,1
29649,1
19047,1
203 0014,1
08402,1
85021,1
32839,1
96926,1
81652,1
2013,1
80482,1
40400,1
83814,1
92227,1
59226,1
79902,1
12729,1
L5J1G2,1
150080,1
467300,1
04179,1
02139,1
11701,1
122 737,1
90033,1
61761,1
5363,1
33460,1
96879,1
99006,1
968154,1
660923,1
45701,1
99738,1
82604,1
12801,1
56455,1
83810,1
10314,1
19030,1
25405,1
60510,1
84405,1
19390,1
01741,1
2970044,1
96734 3004,1
71115,1
55120,1
11365,1
279871,1
9697,1
262200,1
47201,1
1430016,1
94710,1
400053,1
55427,1
10977,1
31313,1
96758,1
01089,1
35758,1
11422,1
200 770,1
10039,1
10530,1
49464,1
87010,1
33141,1
53593,1
05445,1
02769,1
70471,1
560 0002,1
720,1
28409,1
33467,1
52405,1
57022,1
68102,1
98057,1
78259,1
08801,1
19947,1
77396,1
370,1
26041,1
21222,1
01862,1
40503,1
38840,1
16349 9366,1
90112,1
17110,1
95131,1
V7W 3B4,1
90240,1
40037,1
1651873645,1
820 0053,1
32244,1
92534,1
8700100,1
79015,1
V6R 2S9,1
5371,1
60007,1
12203,1
24149,1
32909,1
98382,1
282162167,1
33618,1
098328,1
477 804,1
11959,1
49224,1
51100,1
192 0154,1
97862,1
138 908,1
4442135,1
60607 4177,1
53089,1
02151,1
97603,1
V2X9H7,1
33647,1
29414,1
77477,1
30815,1
V6P 3Z2,1
435 0056,1
06107,1
1685,1
2000282,1
76244,1
513000,1
10240,1
76541,1
463 779,1
95759,1
28002,1
99587,1
98245,1
3123,1
97699,1
44646,1
29708,1
24010,1
02910,1
18011,1
44805,1
8512130,1
705 826,1
60084,1
850 0994,1
48182,1
07950,1
10997,1
33304,1
02062,1
05403,1
05001,1
140 0002,1
134,1
60064,1
6012,1
11216 3733,1
46040,1
20165,1
80841,1
381,1
27030,1
180 0006,1
97641,1
1350031,1
478 0003,1
95605,1
29420,1
12118,1
22134,1
79109,1
01864,1
77057,1
19026,1
74434,1
75248,1
T1S 3L2,1
247 0051,1
08724,1
9010,1
19380,1
390,1
95252,1
02135,1
V8N 6L3,1
59864,1
98402,1
43081,1
22393,1
TE1943,1
54313,1
07001,1
57764,1
2681CV,1
94804,1
V5E1Y6,1
91010,1
QLD 4870,1
06557,1
98611,1
1810012,1
93921,1
02461,1
57039,1
19311,1
28374,1
78632,1
77354,1
20120,1
15243,1
01475,1
27539,1
98717,1
02464,1
486533,1
19932,1
23168,1
78748,1
02125,1
97522,1
32169,1
78733,1
76054,1
08016,1
06489,1
99361,1
11793,1
60096,1
16801,1
92615,1
33024,1
01545,1
54913,1
21144,1
2591135,1
60647,1
32832,1
98556,1
11023,1
243,1
02893,1
55446,1
5730106,1
27613,1
577 0843,1
28115,1
83617,1
85635,1
07076,1
76905,1
00907,1
210042,1
34202 ,1
98816,1
14068,1
520,1
425000,1
23451,1
96271,1
02370,1
19971,1
57470,1
408,1
93135,1
56266,1
33435,1
49220,1
80524 ,1
90270,1
31312,1
5450021,1
10710,1
77581,1
60617,1
96753 ,1
2341 SG,1
153 754,1
32578,1
23843,1
3934,1
158,1
48504,1
56501,1
5410047,1
83221,1
57437,1
81523,1
04318,1
67431,1
03470,1
85613,1
22199,1
75600,1
500 700,1
84078,1
19428,1
49315,1
277,1
95454,1
83813,1
83850,1
28613,1
200136,1
79938,1
1110,1
95684,1
1820013,1
22407,1
V6N 4C5,1
08691,1
89460,1
48009,1
11590,1
17408,1
16002,1
10400,1
07722,1
11954,1
23116,1
